-- MySQL dump 10.13  Distrib 5.7.18, for macos10.12 (x86_64)
--
-- Host: 139.224.72.39    Database: test
-- ------------------------------------------------------
-- Server version	5.7.18-log

/*!40101 SET @OLD_CHARACTER_SET_CLIENT=@@CHARACTER_SET_CLIENT */;
/*!40101 SET @OLD_CHARACTER_SET_RESULTS=@@CHARACTER_SET_RESULTS */;
/*!40101 SET @OLD_COLLATION_CONNECTION=@@COLLATION_CONNECTION */;
/*!40101 SET NAMES utf8 */;
/*!40103 SET @OLD_TIME_ZONE=@@TIME_ZONE */;
/*!40103 SET TIME_ZONE='+00:00' */;
/*!40014 SET @OLD_UNIQUE_CHECKS=@@UNIQUE_CHECKS, UNIQUE_CHECKS=0 */;
/*!40014 SET @OLD_FOREIGN_KEY_CHECKS=@@FOREIGN_KEY_CHECKS, FOREIGN_KEY_CHECKS=0 */;
/*!40101 SET @OLD_SQL_MODE=@@SQL_MODE, SQL_MODE='NO_AUTO_VALUE_ON_ZERO' */;
/*!40111 SET @OLD_SQL_NOTES=@@SQL_NOTES, SQL_NOTES=0 */;

--
-- Table structure for table `admin`
--

-- create database test;
-- create user 'test'@'%' identified by '123456';
-- set password for 'test'@'%' = password('123456');
-- GRANT ALL ON test.* to 'test'@'%';



DROP TABLE IF EXISTS `admin`;
/*!40101 SET @saved_cs_client     = @@character_set_client */;
/*!40101 SET character_set_client = utf8 */;
CREATE TABLE `admin` (
  `id` int(10) unsigned NOT NULL AUTO_INCREMENT COMMENT '管理员id',
  `username` varchar(64) NOT NULL DEFAULT '' COMMENT '用户姓名',
  `realname` varchar(32) NOT NULL DEFAULT '' COMMENT '真实姓名',
  `mobile` varchar(16) NOT NULL DEFAULT '' COMMENT '用户手机号码',
  `salt` char(6) NOT NULL DEFAULT '' COMMENT '盐值',
  `password` char(32) NOT NULL DEFAULT '' COMMENT '密码',
  `department` varchar(64) NOT NULL DEFAULT '' COMMENT '部门',
  `create_time` datetime NOT NULL COMMENT '创建时间',
  `update_time` datetime NOT NULL COMMENT '修改时间',
  `status` tinyint(1) NOT NULL DEFAULT '1' COMMENT '0 管理员不可用 1 管理员状态正常',
  PRIMARY KEY (`id`),
  UNIQUE KEY `username` (`username`)
) ENGINE=InnoDB AUTO_INCREMENT=20042 DEFAULT CHARSET=utf8mb4 COMMENT='管理员表';
/*!40101 SET character_set_client = @saved_cs_client */;

--
-- Dumping data for table `admin`
--

LOCK TABLES `admin` WRITE;
/*!40000 ALTER TABLE `admin` DISABLE KEYS */;
INSERT INTO `admin` VALUES (20000,'杨波','杨波','','1234','e8100c395ac0dc02de202b8a7ae0d649','','2017-09-03 00:02:37','2017-09-03 07:05:21',1),(20001,'赵国梁','赵国梁','','1234','4ef783c5e475668f616f99c14d0d0a8a','','2017-09-03 00:02:37','2017-09-04 08:44:46',1),(20002,'郑瑞笔','郑瑞笔','','1234','b3d7f3cb511560a60c3561c7d0c5f018','','2017-09-03 00:02:39','2017-09-03 07:06:46',1),(20003,'胡振杭','胡振杭','','1234','8d421e892a47dff539f46142eb09e56b','','2017-09-03 00:02:40','2017-09-03 00:02:40',1),(20004,'胡佳瑶','胡佳瑶','','1234','45f013df74cd1510fc27f8775d877c51','','2017-09-03 00:02:40','2017-09-04 14:36:17',1),(20005,'胡姗姗','胡姗姗','','1234','87f8e1434afba6a5e3d0639b3b783c25','','2017-09-03 00:02:40','2017-09-04 13:32:56',1),(20006,'任如意','任如意','','1234','628afbd0409728c330c455f65c787c0d','','2017-09-03 00:02:40','2017-09-04 15:19:37',1),(20007,'薛奇汶','薛奇汶','','1234','1c557fed855c5674d346f42791440206','','2017-09-03 00:02:41','2017-09-04 08:42:59',1),(20008,'梅丽燕','梅丽燕','','1234','1c087cedeb9aec5ac230883ee7f65e60','','2017-09-03 00:02:41','2017-09-04 14:52:15',1),(20010,'相春辉','相春辉','','1234','8d421e892a47dff539f46142eb09e56b','','2017-09-03 00:02:41','2017-09-03 00:02:41',1),(20011,'尚迎','尚迎','','1234','885942736492e81b0a740de2140ac998','','2017-09-03 00:02:41','2017-09-04 13:38:44',1),(20012,'倪华英','倪华英','','1234','8d421e892a47dff539f46142eb09e56b','','2017-09-03 00:13:54','2017-09-03 00:13:54',0),(20013,'匿名','匿名','','1234','8d421e892a47dff539f46142eb09e56b','','2017-09-03 00:13:54','2017-09-03 00:13:54',0),(20014,'叶群芳','叶群芳','','1234','8d421e892a47dff539f46142eb09e56b','','2017-09-03 00:13:54','2017-09-03 00:13:54',0),(20015,'吴星星','吴星星','','1234','8d421e892a47dff539f46142eb09e56b','','2017-09-03 00:13:54','2017-09-03 00:13:54',0),(20016,'吴月芹','吴月芹','','1234','8d421e892a47dff539f46142eb09e56b','','2017-09-03 00:13:54','2017-09-03 00:13:54',0),(20017,'张哲杰','张哲杰','','1234','8d421e892a47dff539f46142eb09e56b','','2017-09-03 00:13:55','2017-09-03 00:13:55',0),(20018,'张巧俏','张巧俏','','1234','8d421e892a47dff539f46142eb09e56b','','2017-09-03 00:13:55','2017-09-03 00:13:55',0),(20019,'张雪','张雪','','1234','8d421e892a47dff539f46142eb09e56b','','2017-09-03 00:13:55','2017-09-03 00:13:55',0),(20020,'徐哲晴','徐哲晴','','1234','8d421e892a47dff539f46142eb09e56b','','2017-09-03 00:13:55','2017-09-03 00:13:55',0),(20021,'徐经理','徐经理','','1234','8d421e892a47dff539f46142eb09e56b','','2017-09-03 00:13:55','2017-09-03 00:13:55',0),(20022,'曾科','曾科','','1234','8d421e892a47dff539f46142eb09e56b','','2017-09-03 00:13:55','2017-09-03 00:13:55',0),(20023,'李倩','李倩','','1234','8d421e892a47dff539f46142eb09e56b','','2017-09-03 00:13:55','2017-09-03 00:13:55',0),(20024,'楼','楼','','1234','8d421e892a47dff539f46142eb09e56b','','2017-09-03 00:13:55','2017-09-03 00:13:55',0),(20025,'江长冲','江长冲','','1234','8d421e892a47dff539f46142eb09e56b','','2017-09-03 00:13:55','2017-09-03 00:13:55',0),(20026,'罗琴','罗琴','','1234','8d421e892a47dff539f46142eb09e56b','','2017-09-03 00:13:55','2017-09-03 00:13:55',0),(20027,'胡俏倩','胡俏倩','','1234','8d421e892a47dff539f46142eb09e56b','','2017-09-03 00:13:55','2017-09-03 00:13:55',0),(20028,'胡振航','胡振航','','1234','8d421e892a47dff539f46142eb09e56b','','2017-09-03 00:13:55','2017-09-03 00:13:55',0),(20029,'胡敏达','胡敏达','','1234','8d421e892a47dff539f46142eb09e56b','','2017-09-03 00:13:55','2017-09-03 00:13:55',0),(20030,'蓝海霞','蓝海霞','','1234','8d421e892a47dff539f46142eb09e56b','','2017-09-03 00:13:55','2017-09-03 00:13:55',0),(20031,'詹彪','詹彪','','1234','8d421e892a47dff539f46142eb09e56b','','2017-09-03 00:13:55','2017-09-03 00:13:55',0),(20032,'许航飞','许航飞','','1234','8d421e892a47dff539f46142eb09e56b','','2017-09-03 00:13:55','2017-09-03 00:13:55',0),(20033,'郑嫣娜','郑嫣娜','','1234','8d421e892a47dff539f46142eb09e56b','','2017-09-03 00:13:55','2017-09-03 00:13:55',0),(20034,'阿娜','阿娜','','1234','8d421e892a47dff539f46142eb09e56b','','2017-09-03 00:13:55','2017-09-03 00:13:55',0),(20035,'陈然','陈然','','1234','8d421e892a47dff539f46142eb09e56b','','2017-09-03 00:13:55','2017-09-03 00:13:55',0),(20036,'马燕芬','马燕芬','','1234','8d421e892a47dff539f46142eb09e56b','','2017-09-03 00:13:55','2017-09-03 00:13:55',0),(20037,'黄淑芬','黄淑芬','','1234','8d421e892a47dff539f46142eb09e56b','','2017-09-03 00:13:55','2017-09-03 00:13:55',0),(20038,'黄玲丽','黄玲丽','','1234','8d421e892a47dff539f46142eb09e56b','','2017-09-03 00:13:55','2017-09-03 00:13:55',0),(20039,'吴强','吴强','13883354145','JHHG','5d5bc8b27764c9d3929ce1cfceb6b556','','2017-09-03 01:06:42','2017-09-09 21:27:32',1),(20040,'徐梦瑜','徐梦瑜','','JHHG','454f7174575b004a61ef2478a753fd53','','2017-09-04 13:32:03','2017-09-04 13:33:06',1),(20041,'小楼','楼佳枫','','JHHG','f27013510b0500048c94e1ca2641db2f','','2017-09-04 23:10:04','2017-09-09 18:37:18',1);
/*!40000 ALTER TABLE `admin` ENABLE KEYS */;
UNLOCK TABLES;

--
-- Table structure for table `admin_role_rel`
--

DROP TABLE IF EXISTS `admin_role_rel`;
/*!40101 SET @saved_cs_client     = @@character_set_client */;
/*!40101 SET character_set_client = utf8 */;
CREATE TABLE `admin_role_rel` (
  `admin_id` int(10) NOT NULL DEFAULT '0' COMMENT '管理员id',
  `role_id` int(10) NOT NULL DEFAULT '0' COMMENT '角色id',
  `create_time` datetime NOT NULL COMMENT '创建时间',
  PRIMARY KEY (`role_id`,`admin_id`)
) ENGINE=InnoDB DEFAULT CHARSET=utf8mb4 COMMENT='管理员与角色关系表';
/*!40101 SET character_set_client = @saved_cs_client */;

--
-- Dumping data for table `admin_role_rel`
--

LOCK TABLES `admin_role_rel` WRITE;
/*!40000 ALTER TABLE `admin_role_rel` DISABLE KEYS */;
INSERT INTO `admin_role_rel` VALUES (20000,10000,'2017-09-03 07:05:21'),(20001,10000,'2017-09-04 08:44:46'),(20039,10000,'2017-09-03 01:06:42'),(20041,10000,'2017-09-05 00:11:57'),(20003,10001,'2017-09-03 00:03:36'),(20004,10001,'2017-09-04 14:36:17'),(20005,10001,'2017-09-04 13:32:56'),(20006,10001,'2017-09-04 15:19:37'),(20007,10001,'2017-09-04 08:42:59'),(20008,10001,'2017-09-04 14:52:15'),(20009,10001,'2017-09-03 00:03:37'),(20010,10001,'2017-09-03 00:03:37'),(20011,10001,'2017-09-04 13:38:44'),(20040,10001,'2017-09-04 13:33:06'),(20002,10003,'2017-09-03 07:06:46');
/*!40000 ALTER TABLE `admin_role_rel` ENABLE KEYS */;
UNLOCK TABLES;

--
-- Table structure for table `auth_group`
--

DROP TABLE IF EXISTS `auth_group`;
/*!40101 SET @saved_cs_client     = @@character_set_client */;
/*!40101 SET character_set_client = utf8 */;
CREATE TABLE `auth_group` (
  `id` int(10) unsigned NOT NULL AUTO_INCREMENT COMMENT '权限组id',
  `name` varchar(64) NOT NULL DEFAULT '' COMMENT '权限组名',
  `type` tinyint(2) NOT NULL DEFAULT '0' COMMENT '权限组类型:0-功能权限,1-菜单权限',
  `status` tinyint(1) NOT NULL DEFAULT '1' COMMENT '状态:0-无效,1-有效',
  `create_time` datetime NOT NULL COMMENT '创建时间',
  `update_time` datetime NOT NULL COMMENT '修改时间',
  PRIMARY KEY (`id`)
) ENGINE=InnoDB AUTO_INCREMENT=10008 DEFAULT CHARSET=utf8mb4 COMMENT='权限组表';
/*!40101 SET character_set_client = @saved_cs_client */;

--
-- Dumping data for table `auth_group`
--

LOCK TABLES `auth_group` WRITE;
/*!40000 ALTER TABLE `auth_group` DISABLE KEYS */;
INSERT INTO `auth_group` VALUES (10000,'管理员管理',0,1,'2017-09-04 23:01:49','2017-09-04 23:01:49'),(10001,'管理员基本操作',0,1,'2017-09-04 23:01:49','2017-09-04 23:01:49'),(10002,'订单管理(管理员)',0,1,'2017-09-04 23:01:49','2017-09-04 23:01:49'),(10003,'订单管理(业务员)',0,1,'2017-09-04 23:01:49','2017-09-04 23:01:49'),(10004,'订单查询',0,1,'2017-09-04 23:01:49','2017-09-04 23:01:49'),(10005,'删除操作',0,1,'2017-09-04 23:01:49','2017-09-04 23:01:49'),(10006,'订单超级管理',0,1,'2017-09-04 23:01:49','2017-09-04 23:01:49'),(10007,'货物管理',0,1,'2017-09-04 23:01:49','2017-09-04 23:01:49');
/*!40000 ALTER TABLE `auth_group` ENABLE KEYS */;
UNLOCK TABLES;

--
-- Table structure for table `auth_group_rel`
--

DROP TABLE IF EXISTS `auth_group_rel`;
/*!40101 SET @saved_cs_client     = @@character_set_client */;
/*!40101 SET character_set_client = utf8 */;
CREATE TABLE `auth_group_rel` (
  `group_id` int(10) unsigned NOT NULL AUTO_INCREMENT COMMENT '权限组id',
  `auth_id` int(10) NOT NULL COMMENT '权限id',
  `create_time` datetime NOT NULL COMMENT '创建时间',
  PRIMARY KEY (`group_id`,`auth_id`)
) ENGINE=InnoDB AUTO_INCREMENT=10008 DEFAULT CHARSET=utf8mb4 COMMENT='权限组与权限关系表';
/*!40101 SET character_set_client = @saved_cs_client */;

--
-- Dumping data for table `auth_group_rel`
--

LOCK TABLES `auth_group_rel` WRITE;
/*!40000 ALTER TABLE `auth_group_rel` DISABLE KEYS */;
INSERT INTO `auth_group_rel` VALUES (10000,10100,'2017-09-04 23:01:50'),(10000,10102,'2017-09-04 23:01:50'),(10000,10103,'2017-09-04 23:01:50'),(10001,10110,'2017-09-04 23:01:50'),(10001,10111,'2017-09-04 23:01:50'),(10001,10112,'2017-09-04 23:01:50'),(10002,10000,'2017-09-04 23:01:50'),(10002,10002,'2017-09-04 23:01:50'),(10003,10000,'2017-09-04 23:01:50'),(10003,10002,'2017-09-04 23:01:50'),(10004,10010,'2017-09-04 23:01:50'),(10004,10011,'2017-09-04 23:01:50'),(10005,10001,'2017-09-04 23:01:50'),(10005,10101,'2017-09-04 23:01:50'),(10006,10003,'2017-09-04 23:01:50'),(10006,10004,'2017-09-04 23:01:50'),(10006,10005,'2017-09-04 23:01:50'),(10006,10006,'2017-09-04 23:01:50'),(10006,10007,'2017-09-04 23:01:50'),(10007,10004,'2017-09-04 23:01:50'),(10007,10005,'2017-09-04 23:01:50');
/*!40000 ALTER TABLE `auth_group_rel` ENABLE KEYS */;
UNLOCK TABLES;

--
-- Table structure for table `foo`
--

DROP TABLE IF EXISTS `foo`;
/*!40101 SET @saved_cs_client     = @@character_set_client */;
/*!40101 SET character_set_client = utf8 */;
CREATE TABLE `foo` (
  `id` int(11) NOT NULL AUTO_INCREMENT,
  `name` varchar(45) DEFAULT NULL,
  `comment` varchar(45) DEFAULT NULL,
  PRIMARY KEY (`id`)
) ENGINE=InnoDB DEFAULT CHARSET=utf8mb4;
/*!40101 SET character_set_client = @saved_cs_client */;

--
-- Dumping data for table `foo`
--

LOCK TABLES `foo` WRITE;
/*!40000 ALTER TABLE `foo` DISABLE KEYS */;
/*!40000 ALTER TABLE `foo` ENABLE KEYS */;
UNLOCK TABLES;

--
-- Table structure for table `function_auth`
--

DROP TABLE IF EXISTS `function_auth`;
/*!40101 SET @saved_cs_client     = @@character_set_client */;
/*!40101 SET character_set_client = utf8 */;
CREATE TABLE `function_auth` (
  `id` int(10) unsigned NOT NULL AUTO_INCREMENT COMMENT '功能权限id',
  `name` varchar(64) NOT NULL DEFAULT '' COMMENT '用户姓名',
  `url` varchar(32) NOT NULL DEFAULT '' COMMENT '目录url',
  `status` tinyint(1) NOT NULL DEFAULT '1' COMMENT '状态:0-无效,1-有效',
  `create_time` datetime NOT NULL COMMENT '创建时间',
  `update_time` datetime NOT NULL COMMENT '修改时间',
  PRIMARY KEY (`id`)
) ENGINE=InnoDB AUTO_INCREMENT=10113 DEFAULT CHARSET=utf8mb4 COMMENT='功能权限表';
/*!40101 SET character_set_client = @saved_cs_client */;

--
-- Dumping data for table `function_auth`
--

LOCK TABLES `function_auth` WRITE;
/*!40000 ALTER TABLE `function_auth` DISABLE KEYS */;
INSERT INTO `function_auth` VALUES (10000,'订单修改','/order/update',1,'2017-09-04 23:01:49','2017-09-04 23:01:49'),(10001,'订单删除','/order/delete',1,'2017-09-04 23:01:49','2017-09-04 23:01:49'),(10002,'添加订单','/order/add',1,'2017-09-04 23:01:49','2017-09-04 23:01:49'),(10003,'订单统计','/order/statistic',1,'2017-09-04 23:01:49','2017-09-04 23:01:49'),(10004,'设置发货状态','/order/fh/{bookid:\\d+}',1,'2017-09-04 23:01:49','2017-09-04 23:01:49'),(10005,'设置到货状态','/order/dh/{bookid:\\d+}',1,'2017-09-04 23:01:49','2017-09-04 23:01:49'),(10006,'设置结算状态','/order/js/{bookid:\\d+}',1,'2017-09-04 23:01:49','2017-09-04 23:01:49'),(10007,'设置收汇状态','/order/sh/{bookid:\\d+}',1,'2017-09-04 23:01:49','2017-09-04 23:01:49'),(10010,'订单详情','/order/{bookid:\\d+}',1,'2017-09-04 23:01:49','2017-09-04 23:01:49'),(10011,'订单列表','/order/list',1,'2017-09-04 23:01:49','2017-09-04 23:01:49'),(10100,'新增管理员','/admin/add',1,'2017-09-04 23:01:49','2017-09-04 23:01:49'),(10101,'删除管理员','/admin/delete',1,'2017-09-04 23:01:49','2017-09-04 23:01:49'),(10102,'管理员修改','/admin/update',1,'2017-09-04 23:01:49','2017-09-04 23:01:49'),(10103,'管理员修改密码','/admin/password/update',1,'2017-09-04 23:01:49','2017-09-04 23:01:49'),(10110,'管理员详情','/admin/{id:\\d+}',1,'2017-09-04 23:01:49','2017-09-04 23:01:49'),(10111,'管理员列表','/admin/list',1,'2017-09-04 23:01:49','2017-09-04 23:01:49'),(10112,'管理员修改自己的密码','/admin/password/update/self',1,'2017-09-04 23:01:49','2017-09-04 23:01:49');
/*!40000 ALTER TABLE `function_auth` ENABLE KEYS */;
UNLOCK TABLES;

--
-- Table structure for table `function_operate_range`
--

DROP TABLE IF EXISTS `function_operate_range`;
/*!40101 SET @saved_cs_client     = @@character_set_client */;
/*!40101 SET character_set_client = utf8 */;
CREATE TABLE `function_operate_range` (
  `id` int(10) unsigned NOT NULL AUTO_INCREMENT COMMENT '主键id',
  `function_auth_id` int(10) unsigned NOT NULL COMMENT '功能权限id',
  `role_id` int(10) unsigned NOT NULL COMMENT '角色id',
  `range` tinyint(2) unsigned NOT NULL COMMENT '操作范围,具体接口自己定义',
  `content` varchar(100) NOT NULL DEFAULT '' COMMENT '操作范围具体意义描述',
  `status` tinyint(1) NOT NULL DEFAULT '1' COMMENT '状态:0-无效,1-有效',
  `create_time` datetime NOT NULL DEFAULT CURRENT_TIMESTAMP COMMENT '创建时间',
  `update_time` datetime NOT NULL DEFAULT CURRENT_TIMESTAMP COMMENT '修改时间',
  PRIMARY KEY (`id`),
  KEY `idx_function_auth_id` (`function_auth_id`)
) ENGINE=InnoDB AUTO_INCREMENT=10 DEFAULT CHARSET=utf8mb4 COMMENT='功能权限操作范围';
/*!40101 SET character_set_client = @saved_cs_client */;

--
-- Dumping data for table `function_operate_range`
--

LOCK TABLES `function_operate_range` WRITE;
/*!40000 ALTER TABLE `function_operate_range` DISABLE KEYS */;
INSERT INTO `function_operate_range` VALUES (1,10010,10000,1,'订单详情:1-无权限限制,其它-只能查询自己的数据和其余数据的部分字段',1,'2017-09-04 23:01:51','2017-09-04 23:01:51'),(2,10010,10003,1,'订单详情:1-无权限限制,其它-只能查询自己的数据和其余数据的部分字段',1,'2017-09-04 23:01:51','2017-09-04 23:01:51'),(3,10011,10000,1,'订单列表:1-无权限限制,其它-只能查询自己的数据和其余数据的部分字段',1,'2017-09-04 23:01:51','2017-09-04 23:01:51'),(4,10011,10003,1,'订单详情:1-无权限限制,其它-只能查询自己的数据和其余数据的部分字段',1,'2017-09-04 23:01:51','2017-09-04 23:01:51'),(5,10000,10000,1,'添加订单:1-无权限限制,其它-只能修改自己的订单',1,'2017-09-04 23:01:51','2017-09-04 23:01:51'),(6,10002,10000,1,'修改订单:1-无权限限制,其它-只能添加自己的订单',1,'2017-09-04 23:01:51','2017-09-04 23:01:51'),(7,10003,10000,1,'订单统计:1-无权限限制,其它-只能统计自己的订单',1,'2017-09-04 23:01:51','2017-09-04 23:01:51'),(8,10010,10004,2,'订单详情:1-无权限限制,2-只能看到非价格字段数据',1,'2017-09-04 23:01:51','2017-09-04 23:01:51'),(9,10011,10004,2,'订单列表:1-无权限限制,2-只能看到非价格字段数据',1,'2017-09-04 23:01:51','2017-09-04 23:01:51');
/*!40000 ALTER TABLE `function_operate_range` ENABLE KEYS */;
UNLOCK TABLES;

--
-- Table structure for table `jh_order`
--

DROP TABLE IF EXISTS `jh_order`;
/*!40101 SET @saved_cs_client     = @@character_set_client */;
/*!40101 SET character_set_client = utf8 */;
CREATE TABLE `jh_order` (
  `bookid` bigint(16) unsigned NOT NULL AUTO_INCREMENT COMMENT '主键',
  `paixu` int(10) unsigned DEFAULT NULL COMMENT '排序',
  `casno` varchar(64) DEFAULT NULL COMMENT 'CAS编号',
  `bookname` varchar(256) DEFAULT NULL COMMENT '产品名称',
  `enbookname` varchar(256) DEFAULT NULL COMMENT '英文名称',
  `ordernum` varchar(64) DEFAULT NULL COMMENT '订单号码',
  `fapiaonum` varchar(64) DEFAULT NULL COMMENT '发票号码',
  `krname` varchar(64) DEFAULT NULL COMMENT '客户名称',
  `date1` datetime DEFAULT NULL COMMENT '订购日期',
  `date2` varchar(64) DEFAULT NULL COMMENT '订单交货日期',
  `cjsl` varchar(64) DEFAULT NULL COMMENT '成交数量',
  `style` varchar(64) DEFAULT NULL COMMENT '成交币种',
  `price1` varchar(64) DEFAULT NULL COMMENT '工厂价格',
  `price2` varchar(64) DEFAULT NULL COMMENT '给客人价格',
  `ysfs` varchar(64) DEFAULT NULL COMMENT '运输方式',
  `ysfy` varchar(64) DEFAULT NULL COMMENT '运费',
  `hl` varchar(64) DEFAULT NULL COMMENT '汇率',
  `zsh` varchar(64) DEFAULT NULL COMMENT '总收汇',
  `huokuan` varchar(64) DEFAULT NULL COMMENT '工厂货款',
  `lirun` int(11) DEFAULT '0' COMMENT '利润分析',
  `yundan` varchar(64) DEFAULT NULL COMMENT '外运单号码',
  `date3` varchar(64) DEFAULT NULL COMMENT '收汇日期',
  `cpgg` text COMMENT '产品规格要求',
  `baozhuang` varchar(64) DEFAULT NULL COMMENT '包装要求',
  `isyp` varchar(64) DEFAULT NULL COMMENT '是否给客人样品',
  `gyscontact` varchar(64) DEFAULT NULL COMMENT '供应商联系方式',
  `gysname` varchar(64) DEFAULT NULL COMMENT '供应商名称',
  `iskucun` varchar(64) DEFAULT NULL COMMENT '是否有样品库存',
  `kucun` varchar(64) DEFAULT NULL COMMENT '库存数量',
  `fj1` varchar(64) DEFAULT NULL COMMENT '给客人',
  `fj2` varchar(64) DEFAULT NULL COMMENT '分析报告',
  `ywy` varchar(64) DEFAULT NULL COMMENT '业务员',
  `isjs` varchar(64) DEFAULT NULL COMMENT '业务员结算',
  `isdh` tinyint(1) DEFAULT NULL COMMENT '工厂货物是否已到货',
  `isfh` tinyint(1) DEFAULT NULL COMMENT '是否已经给客人发货',
  `isfp` tinyint(1) DEFAULT NULL COMMENT '是否已经给客人发票',
  `isfxbg` tinyint(1) DEFAULT NULL COMMENT '是否已经给客人分析报告',
  `zhfrom` varchar(64) DEFAULT NULL COMMENT '账户来源',
  `ists` tinyint(1) DEFAULT NULL COMMENT '是否要退税',
  `date4` varchar(64) DEFAULT NULL COMMENT '预计收汇日期',
  `issh` tinyint(1) DEFAULT NULL COMMENT '是否收汇',
  `iskp` tinyint(1) DEFAULT NULL COMMENT '工厂是否要开票',
  `isgcfp` tinyint(1) DEFAULT NULL COMMENT '是否收到工厂发票',
  `mylx` tinyint(2) DEFAULT '0' COMMENT '贸易类型, 0-外销 1-内销',
  `ishx` tinyint(1) DEFAULT NULL COMMENT '是否已经核销',
  `date5` varchar(64) DEFAULT NULL COMMENT '核销截止日期',
  `iswcts` tinyint(1) DEFAULT NULL COMMENT '是否已经完成退税',
  `ishkqf` tinyint(1) DEFAULT NULL COMMENT '工厂货款是否已经全付',
  `qgchk` varchar(64) DEFAULT NULL COMMENT '欠工厂部分货款',
  `krqk` varchar(64) DEFAULT NULL COMMENT '客人欠款部分',
  `isok` tinyint(1) DEFAULT NULL COMMENT '是否完成',
  `krkpdz` tinytext COMMENT '客人开票地址',
  `krfhdz` tinytext COMMENT '客人发货地址',
  `content` text COMMENT '备注',
  `admin_id` int(10) unsigned DEFAULT '1' COMMENT '管理员id',
  `status` tinyint(2) unsigned DEFAULT '1' COMMENT '1-正常，0-删除',
  `create_time` datetime NOT NULL DEFAULT CURRENT_TIMESTAMP COMMENT '创建时间',
  `update_time` datetime NOT NULL DEFAULT CURRENT_TIMESTAMP COMMENT '修改时间',
  PRIMARY KEY (`bookid`),
  KEY `idx_ywy` (`ywy`,`lirun`),
  KEY `idx_date1` (`date1`)
) ENGINE=InnoDB AUTO_INCREMENT=4810 DEFAULT CHARSET=utf8mb4 COMMENT='订单表';
/*!40101 SET character_set_client = @saved_cs_client */;

--
-- Dumping data for table `jh_order`
--

LOCK TABLES `jh_order` WRITE;
/*!40000 ALTER TABLE `jh_order` DISABLE KEYS */;
INSERT INTO `jh_order` VALUES (4754,1,'506-30-9','二十碳饱和脂肪酸;二十酸;花生酸','','32496','5928','0002-英国-Mol','2011-01-10 00:00:00','','500克','0','','80','','','','80','0',370,'TNT单号是389624379','','','','0','王先生 13397480388','四川天宇油脂化学有限公司','0','','','','蓝海霞','0',1,1,0,0,'',0,'',1,0,0,0,0,'',0,1,'','',0,'','','',20030,1,'2017-09-03 00:12:45','2017-09-03 00:12:49'),(4755,1,'123-92-2','乙酸异戊酯','','','','','2011-01-10 00:00:00','','170公斤','0','16/公斤','','海运','','','0','0',0,'','','','170公斤一桶','0','沈先生 0523-83561588','兴化市兴艺达香料厂','0','','','','蓝海霞','0',1,1,0,0,'',0,'',1,0,0,0,0,'',0,1,'','',0,'','','',20030,1,'2017-09-03 00:12:45','2017-09-03 00:12:49'),(4756,1,'542-05-2','1,3-丙酮二羧酸','','32495','5925','0002-英国-Mol','2011-01-10 00:00:00','','1公斤','0','480/公斤','160','','','','160','0',400,'TNT单号是389624379','','97%含量','','0','021-50460499','上海巴迪生物医药科技有限公司','0','','','','马燕芬','0',1,1,0,0,'',0,'',1,0,0,0,0,'',0,1,'','',0,'','','',20036,1,'2017-09-03 00:12:45','2017-09-03 00:12:49'),(4757,1,'7790-21-8','过碘酸钾','','','','','2011-01-10 00:00:00','','50公斤','0','250/公斤','','','','','0','0',0,'','','','','0','813-2405130陈小姐','自贡市金典化工有限公司','0','','','','匿名','0',1,1,0,0,'',0,'',1,0,0,0,0,'',0,1,'','',0,'','','',20013,1,'2017-09-03 00:12:45','2017-09-03 00:12:49'),(4758,1,'137234-62-9','伏立康唑','','32502','5931','0002-英国-Mol','2011-01-10 00:00:00','','50克','0','1500/50克','320','','','','320','1500',530,'TNT单号是389624379','','99%含量','','0','010-83386766丁经理','北京联本医药化学技术有限公司','0','','','','匿名','0',1,1,0,0,'',0,'',1,0,0,0,0,'',0,1,'','',0,'','','',20013,1,'2017-09-03 00:12:45','2017-09-03 00:12:49'),(4760,1,'446-36-6','5-氟-2-硝基苯酚','5-Fluoro-2-nitrophenol','410004','','0001-德国-CHEM','2011-01-11 00:00:00','','5kg','0','900/公斤','975','TNT','','','975','4500',1300,'389 624 113','','','','0','柳经理 0519-83299352','常州迅达化工有限公司','0','','','','匿名','0',1,1,0,0,'',0,'',1,0,0,0,0,'',0,1,'','',0,'','','',20013,1,'2017-09-03 00:12:45','2017-09-03 00:12:49'),(4761,1,'57455-37-5','颜料蓝 29','','410007','','chemos','2011-01-11 00:00:00','','1克','0','0','USD65','TNT','','','0','0',300,'547 376 019','','','','0','徐先生 0512-5786 3968','昆山市中星染料化工有限公司','0','','','','匿名','0',1,1,1,1,'',0,'',1,0,0,0,0,'',0,1,'','',0,'','','',20013,1,'2017-09-03 00:12:45','2017-09-03 00:12:49'),(4762,1,'75128-73-3','双乙酰阿昔洛韦','Diacetylacyclovir','32512','5936','0002-英国-Mol','2011-01-12 00:00:00','','25克','0','免费','85','','','','85','0',400,'TNT单号是389624379','','','','0','0563-7085504殷先生','安徽李氏化工有限公司','0','','','','倪华英','0',1,1,0,0,'',0,'',1,0,0,0,0,'',0,1,'','',0,'','','',20012,1,'2017-09-03 00:12:45','2017-09-03 00:12:49'),(4763,1,'78110-38-0','氨曲南','Aztreonam','32511','','0002-英国-Mol','2011-01-12 00:00:00','','100克','0','950元','245','TNT','','','245','0',590,'389 624 073','','','','0','15853759980  张','上海立科药物化学有限公司','0','','','','赵国梁','0',1,1,0,0,'',0,'',1,0,0,0,0,'',0,1,'','',0,'','','',20001,1,'2017-09-03 00:12:45','2017-09-03 00:12:49'),(4764,1,'28315-93-7','5-羟基-1-四氢萘酮','5-Hydroxy-1-tetralone','32508','5946','0002-英国-Mol','2011-01-12 00:00:00','','100克','0','500元','USD170','TNT','','','170','500',450,'389 624 334','','','','0','021-50702305周先生','上海鲁瑞精细化工有限公司','0','','','','倪华英','0',1,1,0,0,'',0,'',1,0,0,0,0,'',0,1,'','',0,'','','',20012,1,'2017-09-03 00:12:45','2017-09-03 00:12:49'),(4765,1,'10310-21-1','2-氨基-6-氯嘌呤','2-Amino-6-chloropurine','80693','','0003-德国-Mol','2011-01-12 00:00:00','5~8天','1公斤','0','500元','USD148','TNT','','','148','500',320,'389 624 127','','','','0','0519-82726678,82726378,013906146678 赵小姐','金坛市茂盛化工有限公司','0','','','','倪华英','0',1,1,0,0,'',0,'',1,0,0,0,0,'',0,1,'','',0,'','','',20012,1,'2017-09-03 00:12:45','2017-09-03 00:12:49'),(4766,1,'30361-29-6','(E,E)-2,4-十一烷二烯醛','','410013','','0001-德国-CHEM','2011-01-12 00:00:00','','10克','0','100','USD70','TNT','','','70','100',200,'389 624 113','','','','0','梁小姐0311-85737979','石家庄利达化学品有限公司','0','','','','马燕芬','0',1,1,0,0,'',0,'',1,0,0,0,0,'',0,1,'','',0,'','','',20036,1,'2017-09-03 00:12:45','2017-09-03 00:12:49'),(4767,1,'82410-32-0','更息洛韦','','32504','5932','0002-英国-Mol','2011-01-12 00:00:00','5~8天','5克','0','','USD80','','','','80','0',370,'TNT单号是389624379','','','','0','572-8435687-陈','浙江浙北药业有限公司','0','','','','倪华英','0',1,1,0,0,'',0,'',1,0,0,0,0,'',0,1,'','',0,'','','',20012,1,'2017-09-03 00:12:45','2017-09-03 00:12:49'),(4768,1,'87-42-3','6-氯嘌呤','6-Chloropurine','80694','5395','0003 德国-Mole','2011-01-12 00:00:00','','1公斤','0','300元','USD159','TNT','','','159','300',650,'389 624 348','','','','0','13805787179 0571-88843445 马先生','杭州同明医化科技开发有限公司','0','','','','匿名','0',1,1,0,0,'',0,'',1,0,0,0,0,'',0,1,'','',0,'','','',20013,1,'2017-09-03 00:12:45','2017-09-03 00:12:49'),(4769,1,'67443-38-3','5-溴-2-氯-3-硝基吡啶','','','','005-Reddy-US','2011-01-13 00:00:00','','1.25kg','0','4000元','USD785','TNT','','','785','4000',750,'389 624 365','','','','0','0418-2868000 王先生','阜新峰成化工科技发展有限公司','0','','','','马燕芬','0',1,1,0,0,'',0,'',1,0,0,0,0,'',0,1,'','',0,'','','',20036,1,'2017-09-03 00:12:45','2017-09-03 00:12:49'),(4770,1,'7085-85-0','α-氰基丙烯酸乙酯','','','','','2011-01-13 00:00:00','','300克','0','','','','','','0','0',0,'','','','','0','陈小姐 86-0539-7160201','临沂市同瞽胶粘剂有限公司','0','','','','蓝海霞','0',0,0,0,0,'',0,'',0,0,0,0,0,'',0,1,'','',0,'','','',20030,1,'2017-09-03 00:12:45','2017-09-03 00:12:49'),(4771,1,'16774-21-3','硝酸铈铵','Ammonium cerium (IV) nitrate','80698','5393','0003-德国-Mol','2011-01-13 00:00:00','','10kg','0','450元包运费','USD360','TNT','','','360','450',1250,'389 624 348','','','','0','0537-6218566宋经理','鱼台县清达精细化工厂','0','','','','马燕芬','0',1,1,0,0,'',0,'',1,0,0,0,0,'',0,1,'','',0,'','','',20036,1,'2017-09-03 00:12:45','2017-09-03 00:12:49'),(4772,1,'87392-05-0','R-(+)-四氢呋喃甲酸','(R)-(+)-Tetrahydro-2-furoic acid','32521','5926','0002-英国-Mol','2011-01-14 00:00:00','','1kg','0','2200元','USD479','','','','479','2200',700,'TNT单号是389624379','','','','0','杨先生(13921092068)','常州伊思特化工有限公司','0','','','','马燕芬','0',1,1,0,0,'',0,'',1,0,0,0,0,'',0,1,'','',0,'','','',20036,1,'2017-09-03 00:12:45','2017-09-03 00:12:49'),(4773,1,'126-73-8','磷酸三丁酯','','32517','','0002-英国-Mol','2011-01-14 00:00:00','5~8天','1kg','0','','USD95','TNT','','','95','50',380,'389 624 100','','','','0','13506192512姚先生','无锡市红星化工厂','0','','','','倪华英','0',1,1,0,0,'',0,'',1,0,0,0,0,'',0,1,'','',0,'','','',20012,1,'2017-09-03 00:12:45','2017-09-03 00:12:49'),(4774,1,'3433-80-5','2-溴溴苄','2-Bromobenzyl bromide','32519','5945','0002-英国-Mol','2011-01-14 00:00:00','','11kg','0','280/kg','USD869','TNT','','','869','3080',2000,'389 624 334','','','','0','0510-85581486杨先生','无锡南方化学助剂厂','0','','','','赵国梁','0',1,1,0,0,'',0,'',1,0,0,0,0,'',0,1,'','',0,'','','',20001,1,'2017-09-03 00:12:45','2017-09-03 00:12:49'),(4775,1,'107-36-8','羟乙基磺酸','','410025','','0001-德国-CHEM','2011-01-14 00:00:00','1月22日','50克','0','200元','USD120','TNT','','','120','200',520,'389 624 113','','','','0','邓小姐 025-84391596','南京旋光科技有限公司','0','','','','赵国梁','0',1,1,0,0,'',0,'',1,0,0,0,0,'',0,1,'','',0,'','','',20001,1,'2017-09-03 00:12:45','2017-09-04 13:32:42'),(4776,1,'58-96-8','尿嘧啶核苷(尿苷','','32530','5956','0002-英国-Mol','2011-01-18 00:00:00','','10公斤','0','850/kg','149/kg','TNT','','','1490','8500',400,'389 624 073','','','','0','0533-5330845张小姐','山东凯盛生物有限公司','0','','','','马燕芬','0',1,1,0,0,'',0,'',1,0,0,0,0,'',0,1,'','',0,'','','',20036,1,'2017-09-03 00:12:45','2017-09-03 00:12:49'),(4777,1,'6638-79-5','N,O-二甲基羟胺盐酸盐','','80703','5389','0003 德国-Mole','2011-01-18 00:00:00','','5公斤','0','180/公斤','USD295','TNT','','','295','900',500,'389 624 348','','','','0','谢小姐86-535-6527629','烟台奥东化学材料有限公司','0','','','','蓝海霞','0',1,1,0,0,'',0,'',1,0,0,0,0,'',0,1,'','',0,'','','',20030,1,'2017-09-03 00:12:45','2017-09-03 00:12:49'),(4778,1,'7281-04-1','十二烷基二甲基苄基溴化铵','','32539','5942','0002-英国-Mol','2011-01-18 00:00:00','5~8天','2公斤','0','120元/2公斤','USD198','TNT','','','198','120',767,'389 624 334','','','','0','13706274582张杰','如皋市万利化工有限责任公司','0','','','','倪华英','0',1,1,0,0,'',0,'',1,0,0,0,0,'',0,1,'','',0,'','','',20012,1,'2017-09-03 00:12:45','2017-09-03 00:12:49'),(4779,1,'64325-78-6','N6-苯甲酰基-5\'-O-(4,4\'-二甲氧基三苯基)-2\'-脱氧腺苷','N(6)-Benzoyl-5\'-O-(4,4\'-dimethoxytrityl)-2\'-deoxyadenosine','80702','5391','0003-德国-Mol','2011-01-18 00:00:00','5~8天','10g','0','400/10克','USD145','TNT','','','145','400',490,'389 624 348','','','','0','吴经理0553-5842013','芜湖华仁科技有限公司','0','','','','赵国梁','0',1,1,0,0,'',0,'',1,0,0,0,0,'',0,1,'','',0,'','','',20001,1,'2017-09-03 00:12:45','2017-09-03 00:12:49'),(4780,1,'10572-16-4','3-(对硝基苯氧基)丙酸','3-(4-Nitrophenoxy)propionic acid','80701','5392','0003-德国-Mol','2011-01-18 00:00:00','5~8天','500克','0','2500/500克','USD583','TNT','','','583','2500',1089,'389 624 348','','','','0','13706205626-李先生','苏州市博科化学有限公司','0','','','','倪华英','0',1,1,0,0,'',0,'',1,0,0,0,0,'',0,1,'','',0,'','','',20012,1,'2017-09-03 00:12:45','2017-09-03 00:12:49'),(4781,1,'771-69-7','2,3,4-三氟硝基苯','2,3,4-Trifluoronitrobenzene','80691','','0003-德国-Mol','2011-01-18 00:00:00','8~10天','70公斤','0','135/公斤','USD1960','空运','','','1960','9450',0,'','','','','0','王小姐0576-85588188','浙江永太化学有限公司','0','','','','蓝海霞','0',1,1,0,0,'',1,'',1,1,0,0,0,'',0,1,'','',0,'','','核销单号码:786224605',20030,1,'2017-09-03 00:12:45','2017-09-03 00:12:49'),(4782,1,'87392-07-2','(S)-四氢呋喃-2-甲酸','(S)-(-)-Tetrahydro-2-furoic acid','32528','','0002-英国-Mol','2011-01-18 00:00:00','','1kg','0','3500','USD590/公斤','TNT','','','590','0',135,'389 624 229','','','','0','陈小姐 028-85210710','成都丽凯手性技术有限公司','0','','','','马燕芬','0',1,1,1,1,'',0,'',1,0,0,0,0,'',0,1,'','',0,'','','',20036,1,'2017-09-03 00:12:45','2017-09-03 00:12:49'),(4783,1,'21245-02-3','对-N,N-二甲氨基苯甲酸异辛酯','','32540','5944','0002-英国-Mol','2011-01-18 00:00:00','5~8天','4公斤','0','150/公斤','USD220','TNT','','','220','600',480,'389 624 334','','','','0','','','0','','','','倪华英','0',1,1,0,0,'',0,'',1,0,0,0,0,'',0,1,'','',0,'','','',20012,1,'2017-09-03 00:12:45','2017-09-03 00:12:49'),(4784,1,'132-17-2','甲磺酸苯扎托品','Benztropine mesylate','','','0008-德国-ABX','2011-01-19 00:00:00','5~8天','50克','0','800/50克','USD260','TNT','','','260','800',740,'389 624 060','','','','0','俞先生 0571 88932183','杭州众昌科技有限公司','0','','','','蓝海霞','0',1,1,1,0,'',0,'',1,0,0,0,0,'',0,1,'','',0,'','','',20030,1,'2017-09-03 00:12:45','2017-09-03 00:12:49'),(4785,1,'17325-26-7','咪唑-4-甲酸甲酯','Methyl 4-imidazolecarboxylate','','','0008-德国-ABX','2011-01-19 00:00:00','5~8天','100克','0','2500/100克','530USD','TNT','','','530','2500',900,'389 624 060','','','','0','陆小姐0512-65857511','苏州凯达生物医药技术有限公司','0','','','','赵国梁','0',1,1,0,0,'',0,'',1,0,0,0,0,'',0,1,'','',0,'','','',20001,1,'2017-09-03 00:12:45','2017-09-03 00:12:49'),(4786,1,'57103-20-5','3,6-二溴-9-苯基咔唑','3,6-Dibromo-9-phenylcaarbazole','RCT-101231','','0005-Reddy-US','2011-01-19 00:00:00','18~20天','500克','0','3500元','USD690','TNT','','','0','0',600,'547 376 504','','','','0','赵经理13580821201 赵小姐 +86-769-22181286','东莞市阿比亚能源科技有限公司','0','','','','蓝海霞','0',1,1,0,0,'',0,'',1,0,0,0,0,'',0,1,'','',0,'','','',20030,1,'2017-09-03 00:12:45','2017-09-03 00:12:49'),(4787,1,'591-18-4','间溴碘苯','1-Bromo-3-iodobenzene','','','0007 -Chem-韩国','2011-01-20 00:00:00','5~8天','1kg','0','600元','200','TNT','','','0','0',0,'389 624 294','','','','0','陈经理 0519-8233767','金坛市思达化工有限公司','0','','','','马燕芬','0',1,1,0,0,'',0,'',1,0,0,0,0,'',0,1,'','',0,'','','',20036,1,'2017-09-03 00:12:45','2017-09-04 13:32:44'),(4788,1,'327-97-9','绿原酸','Chlorogenic acid','','','0007 -Chem-韩国','2011-01-20 00:00:00','5~8天','100g','0','1200','310','TNT','','','0','0',0,'389 624 294','','','','0','先礼红 13808177790','成都天源天然产物有限公司','0','','','','马燕芬','0',1,1,0,0,'',0,'',1,0,0,0,0,'',0,1,'','',0,'','','',20036,1,'2017-09-03 00:12:45','2017-09-04 13:32:45'),(4789,1,'520-18-3','山奈酚','Kaempferol','','','0007-4Chem-韩国','2011-01-20 00:00:00','5~8天','100克','0','800元','225','TNT','','','0','0',0,'389 624 250','','','','0','周小姐15987165453','贵州普蓝卡医药研究有限公司','0','','','','蓝海霞','0',1,1,0,0,'',0,'',1,0,0,0,0,'',0,1,'','',0,'','','',20030,1,'2017-09-03 00:12:45','2017-09-04 13:32:50'),(4790,1,'18162-48-6','叔丁基二甲基氯硅烷','tert-Butyldimethylchlorosilane (TBSCl)','32546','','0002-英国-Mol','2011-01-20 00:00:00','5~8天','10kg','0','160/公斤','530','TNT','','','530','1600',1200,'389 624 073','','','','0','鲁经理0374-5699606','河南豫辰精细化工有限公司','0','','','','匿名','0',1,1,0,0,'',0,'',1,0,0,0,0,'',0,1,'','',0,'','','',20013,1,'2017-09-03 00:12:45','2017-09-03 00:12:49'),(4791,1,'5122-95-2','3-联苯硼酸','Biphenyl-3-boronic acid','','','0007 -Chem-韩国','2011-01-20 00:00:00','5~8天','100g','0','2000元','420','TNT','','','420','2000',580,'389 624 294','','','','0','应发能 13805834035','宁波应发硼纳有限公司','0','','','','马燕芬','0',1,1,0,0,'',0,'',1,0,0,0,0,'',0,1,'','',0,'','','',20036,1,'2017-09-03 00:12:45','2017-09-04 13:32:47'),(4792,1,'3975-77-7','1-溴-2,4,6-三叔丁基苯','1-Bromo-2,4,6-tritert-butylbenzene','410045','','0001-开-Germany','2011-01-20 00:00:00','5~8天','50克','0','2000元','420','TNT','','','420','2000',580,'389 624 113','','','','0','周先生 ：021-64251348','上海氟德化工有限公司','0','','','','马燕芬','0',1,1,0,0,'',0,'',1,0,0,0,0,'',0,1,'','',0,'','','',20036,1,'2017-09-03 00:12:45','2017-09-04 13:33:51'),(4793,1,'83-56-7','1,5-二羟基萘','1,5-Dihydroxynaphthalene','32556','','0002-英国-Mol','2011-01-21 00:00:00','5~8天','5kg','0','100/kg','230','TNT','','','230','500',500,'389 624 073','','','','0','庾经理   13901552533','吴江市汇丰化工厂','0','','','','蓝海霞','0',1,1,0,0,'',0,'',1,0,0,0,0,'',0,1,'','',0,'','','',20030,1,'2017-09-03 00:12:45','2017-09-03 00:12:49'),(4794,1,'52304-36-6','驱蚊酯','Ethyl butylacetylaminopropionate','32484','5939','0002-英国-Mol','2011-01-21 00:00:00','','50kg','0','100/公斤','1150','','','','1150','5000',-155,'','','','','0','李经理0731-85138163','湖南众业科技有限公司','0','','','','蓝海霞','0',1,1,0,0,'',0,'',1,0,0,0,0,'',0,1,'','',0,'','','',20030,1,'2017-09-03 00:12:45','2017-09-03 00:12:49'),(4795,1,'85070-48-0','3-氯-2-氟苯甲醛','3-Chloro-2-fluorobenzaldehyde','32440','','0002-英国-Mol','2011-01-21 00:00:00','','37公斤','0','2000/kg','12765','TNT','','','12765','74000',6600,'389 624 325','','','','0','钟经理025-84341022','南京朗全科技实业有限公司','0','','','','马燕芬','0',1,1,0,0,'',0,'',1,0,0,0,0,'',0,1,'','',0,'','','',20036,1,'2017-09-03 00:12:45','2017-09-03 00:12:49'),(4796,1,'1711-06-4','间甲基苯甲酰氯','m-Toluoyl chloride','32298','','0002-英国-Mol','2011-01-21 00:00:00','','500克','0','100元','125','','','','125','100',660,'','','','','0','13806147863徐经理','金坛市医药原料精制厂','0','','','','赵国梁','0',1,1,0,0,'',0,'',1,0,0,0,0,'',0,1,'','',0,'','','',20001,1,'2017-09-03 00:12:45','2017-09-03 00:12:49'),(4797,1,'11032-49-8','维生素K2','Vitamin K2','32463','','0002-英国-Mol','2011-01-21 00:00:00','5~8天','5克','0','500元','180','','','','180','500',500,'','','','','0','','','0','','','','马燕芬','0',1,1,0,0,'',0,'',1,0,0,0,0,'',0,1,'','',0,'','','',20036,1,'2017-09-03 00:12:45','2017-09-03 00:12:49'),(4798,1,'51-55-8','阿托品','Atropine','32529','','0002-英国-Mol','2011-01-24 00:00:00','5~8天','500g','0','850','245','TNT','','','245','850',580,'547 375 852','','','','0','郜（gao）先生 13353857966','河南普瑞制药有限公司','0','','','','蓝海霞','0',1,1,1,1,'',0,'',1,0,0,0,0,'',0,1,'','',0,'','','',20030,1,'2017-09-03 00:12:45','2017-09-03 00:12:49'),(4799,1,'58-85-5','D-生物素','D-biotin','410048','','0001-开-Germany','2011-01-24 00:00:00','5~8天','50克','0','300','120','TNT','','','120','300',430,'389 624 161','','','','0','0519-85036188 陈小姐','镇江均达化工有限公司','0','','','','赵国梁','0',1,1,1,1,'',0,'',1,0,0,0,0,'',0,1,'','',0,'','','',20001,1,'2017-09-03 00:12:45','2017-09-03 00:12:49'),(4800,1,'76-83-5','三苯基氯甲烷','Chlorotriphenylmethane (Trityl chloride)','32553','','0002-英国-Mol','2011-01-25 00:00:00','5~8天','9kg','0','60/kg','35/kg','TNT','','','315','540',900,'389 624 100','','','','0','0519-83293217李静','常州津伟达化工有限公司','0','','','','赵国梁','0',1,1,0,0,'',0,'',1,0,0,0,0,'',0,1,'','',0,'','','',20001,1,'2017-09-03 00:12:45','2017-09-03 00:12:49'),(4801,1,'3430-17-9','2-溴-3-甲基吡啶','2-Bromo-3-methylpyridine','','','0007 -Chem-韩国','2011-01-25 00:00:00','5~8天','100g','0','300/100g','220','TNT','','','220','300',1080,'389 624 294','','','','0','0519-83293217李静','常州津伟达化工有限公司','0','','','','赵国梁','0',1,1,0,0,'',0,'',1,0,0,0,0,'',0,1,'','',0,'','','',20001,1,'2017-09-03 00:12:45','2017-09-04 13:33:50'),(4802,1,'1314-13-2','氧化锌','Zinc oxide','32541','','0002-英国-Mol','2011-01-26 00:00:00','','100公斤','0','19/公斤','1150','TNT','','','1150','1900',-25,'389 624 087和389 624 303','','','','0','刘先生 13962735333','南通市华正氧化锌有限公司','0','','','','蓝海霞','0',1,1,0,0,'',0,'',1,0,0,0,0,'',0,1,'','',0,'','','',20030,1,'2017-09-03 00:12:45','2017-09-03 00:12:49'),(4803,1,'13811-71-7','D-(-)-酒石酸二乙酯','Diethyl-D-tartrate','80711','','0003 德国-Mole','2011-01-28 00:00:00','5~8天','5kg','0','300/kg','100/1kg','TNT','','','500','1500',1250,'389 624 215','','','','0','028-85210710陈小姐','成都丽凯手性技术有限公司','0','','','','赵国梁','0',1,1,1,1,'',0,'',1,0,0,0,0,'',0,1,'','',0,'','','',20001,1,'2017-09-03 00:12:45','2017-09-03 00:12:49'),(4804,1,'850-52-2','四烯雌酮','','32549','','0002-英国-Mol','2011-01-28 00:00:00','3月7日前','2.5公斤','0','4.4万/公斤','7200/kg','','','','18000','110000',6750,'','','','','1','15068073474-徐经理','浙江嘉华化工有限公司','0','','','','倪华英','0',1,0,0,0,'',0,'',0,0,0,0,0,'',0,1,'','',0,'','','2011年3月9日发了5克样品给客户',20012,1,'2017-09-03 00:12:45','2017-09-03 00:12:49'),(4805,1,'4132-28-9','2,3,4,6-四-o-苄基-D-吡喃葡萄糖','','32492','','0002-英国-Mol','2011-01-28 00:00:00','5~8天','6kg','0','1200/kg','USD216/kg','TNT','','','1296','7200',750,'389 624 285','','','','0','李经理13162937217','沈阳达康医药科技有限公司','0','','','','蓝海霞','0',1,1,0,0,'',0,'',1,0,0,0,0,'',0,1,'','',0,'','','',20030,1,'2017-09-03 00:12:45','2017-09-03 00:12:49'),(4806,1,'446-36-6','5-氟-2-硝基苯酚','','410066','','0001-德国-CHEM','2011-01-28 00:00:00','5~8天','15公斤','0','850/公斤','','TNT','','','0','12750',0,'389 624 113','','','','0','柳经理 0519-83299352','常州迅达化工有限公司','0','','','','赵国梁','0',1,1,0,0,'',0,'',1,0,0,0,0,'',0,1,'','',0,'','','',20001,1,'2017-09-03 00:12:45','2017-09-03 00:12:49'),(4807,1,'6758-40-3','N-对硝基苯甲酰-L-谷氨酸半水合物','N-(4-Nitrobenzoyl)-L-glutamic acid hemihydrate','80712','','0003 德国-Mole','2011-01-28 00:00:00','','100g','0','1500元','350','TNT','','','350','1500',625,'389 624 215','','','','0','021-54308253 张小姐','上海瀚鸿','0','','','','蓝海霞','0',1,1,1,1,'',0,'',1,0,0,0,0,'',0,1,'','',0,'','','',20030,1,'2017-09-03 00:12:45','2017-09-03 00:12:49'),(4808,1,'7585-39-9','β-环糊精','beta-Cyclodextrin','32571','','0002-英国-Mol','2011-01-29 00:00:00','5~8天','20kg','0','23/kg','USD20/kg','','','','400','460',940,'','','','','0','0571-86069043 邵小姐','杭州胜东贸易有限公司','0','','','','蓝海霞','0',1,1,0,0,'',0,'',1,0,0,0,0,'',0,1,'','',0,'','','',20030,1,'2017-09-03 00:12:45','2017-09-03 00:12:49'),(4809,1,'6402-23-9','乳酸依沙吖啶(一水物)','6,9-Diamino-2-ethoxyacridine lactate monohydrate','32355','','0002-英国-Mol','2011-01-30 00:00:00','5~8天','100g','0','200元','199','','','','199','200',900,'','','','','0','','','0','','','','匿名','0',1,1,0,0,'',0,'',1,0,0,0,0,'',0,1,'','',0,'','','',20013,1,'2017-09-03 00:12:45','2017-09-03 00:12:49');
/*!40000 ALTER TABLE `jh_order` ENABLE KEYS */;
UNLOCK TABLES;

--
-- Table structure for table `jh_order_tmp`
--

DROP TABLE IF EXISTS `jh_order_tmp`;
/*!40101 SET @saved_cs_client     = @@character_set_client */;
/*!40101 SET character_set_client = utf8 */;
CREATE TABLE `jh_order_tmp` (
  `bookid` bigint(16) unsigned NOT NULL AUTO_INCREMENT COMMENT '主键',
  `paixu` int(10) unsigned DEFAULT NULL COMMENT '排序',
  `casno` varchar(64) DEFAULT NULL COMMENT 'CAS编号',
  `bookname` varchar(64) DEFAULT NULL COMMENT '产品名称',
  `enbookname` varchar(64) DEFAULT NULL COMMENT '英文名称',
  `ordernum` varchar(64) DEFAULT NULL COMMENT '订单号码',
  `fapiaonum` varchar(64) DEFAULT NULL COMMENT '发票号码',
  `krname` varchar(64) DEFAULT NULL COMMENT '客户名称',
  `date1` varchar(64) DEFAULT NULL COMMENT '订购日期',
  `date2` varchar(64) DEFAULT NULL COMMENT '订单交货日期',
  `cjsl` varchar(64) DEFAULT NULL COMMENT '成交数量',
  `style` varchar(64) DEFAULT NULL COMMENT '成交币种',
  `price1` varchar(64) DEFAULT NULL COMMENT '工厂价格',
  `price2` varchar(64) DEFAULT NULL COMMENT '给客人价格',
  `ysfs` varchar(64) DEFAULT NULL COMMENT '运输方式',
  `ysfy` varchar(64) DEFAULT NULL COMMENT '运费',
  `hl` varchar(64) DEFAULT NULL COMMENT '汇率',
  `zsh` varchar(64) DEFAULT NULL COMMENT '总收汇',
  `huokuan` varchar(64) DEFAULT NULL COMMENT '工厂货款',
  `lirun` varchar(64) DEFAULT NULL COMMENT '利润分析',
  `yundan` varchar(64) DEFAULT NULL COMMENT '外运单号码',
  `date3` varchar(64) DEFAULT NULL COMMENT '收汇日期',
  `cpgg` tinytext COMMENT '产品规格要求',
  `baozhuang` varchar(64) DEFAULT NULL COMMENT '包装要求',
  `isyp` varchar(64) DEFAULT NULL COMMENT '是否给客人样品',
  `gyscontact` varchar(64) DEFAULT NULL COMMENT '供应商联系方式',
  `gysname` varchar(64) DEFAULT NULL COMMENT '供应商名称',
  `iskucun` varchar(64) DEFAULT NULL COMMENT '是否有样品库存',
  `kucun` varchar(64) DEFAULT NULL COMMENT '库存数量',
  `fj1` varchar(64) DEFAULT NULL COMMENT '给客人',
  `fj2` varchar(64) DEFAULT NULL COMMENT '分析报告',
  `ywy` varchar(64) DEFAULT NULL COMMENT '业务员',
  `isjs` varchar(64) DEFAULT NULL COMMENT '业务员结算',
  `isdh` tinyint(1) DEFAULT NULL COMMENT '工厂货物是否已到货',
  `isfh` tinyint(1) DEFAULT NULL COMMENT '是否已经给客人发货',
  `isfp` tinyint(1) DEFAULT NULL COMMENT '是否已经给客人发票',
  `isfxbg` tinyint(1) DEFAULT NULL COMMENT '是否已经给客人分析报告',
  `zhfrom` varchar(64) DEFAULT NULL COMMENT '账户来源',
  `ists` tinyint(1) DEFAULT NULL COMMENT '是否要退税',
  `date4` varchar(64) DEFAULT NULL COMMENT '预计收汇日期',
  `issh` tinyint(1) DEFAULT NULL COMMENT '是否收汇',
  `iskp` tinyint(1) DEFAULT NULL COMMENT '工厂是否要开票',
  `isgcfp` tinyint(1) DEFAULT NULL COMMENT '是否收到工厂发票',
  `mylx` tinyint(2) DEFAULT '0' COMMENT '贸易类型, 0-外销 1-内销',
  `ishx` tinyint(1) DEFAULT NULL COMMENT '是否已经核销',
  `date5` varchar(64) DEFAULT NULL COMMENT '核销截止日期',
  `iswcts` tinyint(1) DEFAULT NULL COMMENT '是否已经完成退税',
  `ishkqf` tinyint(1) DEFAULT NULL COMMENT '工厂货款是否已经全付',
  `qgchk` varchar(64) DEFAULT NULL COMMENT '欠工厂部分货款',
  `krqk` varchar(64) DEFAULT NULL COMMENT '客人欠款部分',
  `isok` tinyint(1) DEFAULT NULL COMMENT '是否完成',
  `krkpdz` tinytext COMMENT '客人开票地址',
  `krfhdz` tinytext COMMENT '客人发货地址',
  `content` text COMMENT '备注',
  PRIMARY KEY (`bookid`),
  KEY `idx_ywy` (`ywy`,`lirun`)
) ENGINE=InnoDB DEFAULT CHARSET=utf8mb4 COMMENT='订单表';
/*!40101 SET character_set_client = @saved_cs_client */;

--
-- Dumping data for table `jh_order_tmp`
--

LOCK TABLES `jh_order_tmp` WRITE;
/*!40000 ALTER TABLE `jh_order_tmp` DISABLE KEYS */;
/*!40000 ALTER TABLE `jh_order_tmp` ENABLE KEYS */;
UNLOCK TABLES;

--
-- Table structure for table `menu_auth`
--

DROP TABLE IF EXISTS `menu_auth`;
/*!40101 SET @saved_cs_client     = @@character_set_client */;
/*!40101 SET character_set_client = utf8 */;
CREATE TABLE `menu_auth` (
  `id` int(10) unsigned NOT NULL AUTO_INCREMENT COMMENT '目录id',
  `name` varchar(32) NOT NULL DEFAULT '' COMMENT '用户姓名',
  `url` varchar(32) NOT NULL DEFAULT '' COMMENT '目录url',
  `parentId` varchar(16) NOT NULL DEFAULT '' COMMENT '父级目录',
  `status` tinyint(1) NOT NULL DEFAULT '1' COMMENT '状态:0-无效,1-有效',
  `create_time` datetime NOT NULL COMMENT '创建时间',
  `update_time` datetime NOT NULL COMMENT '修改时间',
  PRIMARY KEY (`id`)
) ENGINE=InnoDB DEFAULT CHARSET=utf8mb4 COMMENT='目录权限表';
/*!40101 SET character_set_client = @saved_cs_client */;

--
-- Dumping data for table `menu_auth`
--

LOCK TABLES `menu_auth` WRITE;
/*!40000 ALTER TABLE `menu_auth` DISABLE KEYS */;
/*!40000 ALTER TABLE `menu_auth` ENABLE KEYS */;
UNLOCK TABLES;

--
-- Table structure for table `phrasebook`
--

DROP TABLE IF EXISTS `phrasebook`;
/*!40101 SET @saved_cs_client     = @@character_set_client */;
/*!40101 SET character_set_client = utf8 */;
CREATE TABLE `phrasebook` (
  `id` int(10) unsigned NOT NULL AUTO_INCREMENT COMMENT '主键id',
  `clazz` tinyint(2) NOT NULL DEFAULT '0' COMMENT '分类：0-拍卖审核常用语,1-拍卖专场审核常用语,2-直播审核常用语',
  `phrase` text NOT NULL COMMENT '常用语',
  PRIMARY KEY (`id`),
  KEY `class_index` (`clazz`)
) ENGINE=InnoDB DEFAULT CHARSET=utf8mb4 COMMENT='常用语配置表';
/*!40101 SET character_set_client = @saved_cs_client */;

--
-- Dumping data for table `phrasebook`
--

LOCK TABLES `phrasebook` WRITE;
/*!40000 ALTER TABLE `phrasebook` DISABLE KEYS */;
/*!40000 ALTER TABLE `phrasebook` ENABLE KEYS */;
UNLOCK TABLES;

--
-- Table structure for table `role`
--

DROP TABLE IF EXISTS `role`;
/*!40101 SET @saved_cs_client     = @@character_set_client */;
/*!40101 SET character_set_client = utf8 */;
CREATE TABLE `role` (
  `id` int(10) unsigned NOT NULL AUTO_INCREMENT COMMENT '角色id',
  `name` varchar(32) NOT NULL DEFAULT '' COMMENT '角色名',
  `alias` varchar(32) NOT NULL DEFAULT '' COMMENT '角色别名',
  `status` tinyint(1) NOT NULL DEFAULT '1' COMMENT '状态:0-无效,1-有效',
  `create_time` datetime NOT NULL COMMENT '创建时间',
  `update_time` datetime NOT NULL COMMENT '修改时间',
  PRIMARY KEY (`id`)
) ENGINE=InnoDB AUTO_INCREMENT=10005 DEFAULT CHARSET=utf8mb4 COMMENT='角色表';
/*!40101 SET character_set_client = @saved_cs_client */;

--
-- Dumping data for table `role`
--

LOCK TABLES `role` WRITE;
/*!40000 ALTER TABLE `role` DISABLE KEYS */;
INSERT INTO `role` VALUES (10000,'超级管理员','',1,'2017-09-04 23:01:50','2017-09-04 23:01:50'),(10001,'业务员','',1,'2017-09-04 23:01:50','2017-09-04 23:01:50'),(10002,'实习生','',1,'2017-09-04 23:01:50','2017-09-04 23:01:50'),(10003,'普通管理员','',1,'2017-09-04 23:01:50','2017-09-04 23:01:50'),(10004,'发货员','',1,'2017-09-04 23:01:50','2017-09-04 23:01:50');
/*!40000 ALTER TABLE `role` ENABLE KEYS */;
UNLOCK TABLES;

--
-- Table structure for table `role_auth_group_rel`
--

DROP TABLE IF EXISTS `role_auth_group_rel`;
/*!40101 SET @saved_cs_client     = @@character_set_client */;
/*!40101 SET character_set_client = utf8 */;
CREATE TABLE `role_auth_group_rel` (
  `auth_group_id` int(10) NOT NULL DEFAULT '0' COMMENT '权限组id',
  `role_id` int(10) NOT NULL DEFAULT '0' COMMENT '角色id',
  `create_time` datetime NOT NULL COMMENT '创建时间',
  PRIMARY KEY (`auth_group_id`,`role_id`)
) ENGINE=InnoDB DEFAULT CHARSET=utf8mb4 COMMENT='权限组与角色关系表';
/*!40101 SET character_set_client = @saved_cs_client */;

--
-- Dumping data for table `role_auth_group_rel`
--

LOCK TABLES `role_auth_group_rel` WRITE;
/*!40000 ALTER TABLE `role_auth_group_rel` DISABLE KEYS */;
INSERT INTO `role_auth_group_rel` VALUES (10000,10000,'2017-09-04 23:01:50'),(10001,10000,'2017-09-04 23:01:50'),(10001,10001,'2017-09-04 23:01:51'),(10001,10002,'2017-09-04 23:01:51'),(10001,10003,'2017-09-04 23:01:51'),(10001,10004,'2017-09-04 23:01:51'),(10002,10000,'2017-09-04 23:01:50'),(10002,10003,'2017-09-04 23:01:51'),(10003,10001,'2017-09-04 23:01:51'),(10004,10000,'2017-09-04 23:01:50'),(10004,10001,'2017-09-04 23:01:51'),(10004,10002,'2017-09-04 23:01:51'),(10004,10003,'2017-09-04 23:01:51'),(10004,10004,'2017-09-04 23:01:51'),(10005,10000,'2017-09-04 23:01:50'),(10006,10000,'2017-09-04 23:01:51'),(10007,10004,'2017-09-04 23:01:51');
/*!40000 ALTER TABLE `role_auth_group_rel` ENABLE KEYS */;
UNLOCK TABLES;

--
-- Table structure for table `tb_account_one`
--

DROP TABLE IF EXISTS `tb_account_one`;
/*!40101 SET @saved_cs_client     = @@character_set_client */;
/*!40101 SET character_set_client = utf8 */;
CREATE TABLE `tb_account_one` (
  `acct_id` varchar(16) NOT NULL,
  `amount` double(10,2) DEFAULT NULL,
  `frozen` double(10,2) DEFAULT NULL,
  PRIMARY KEY (`acct_id`)
) ENGINE=InnoDB DEFAULT CHARSET=latin1;
/*!40101 SET character_set_client = @saved_cs_client */;

--
-- Dumping data for table `tb_account_one`
--

LOCK TABLES `tb_account_one` WRITE;
/*!40000 ALTER TABLE `tb_account_one` DISABLE KEYS */;
/*!40000 ALTER TABLE `tb_account_one` ENABLE KEYS */;
UNLOCK TABLES;

--
-- Table structure for table `tb_account_two`
--

DROP TABLE IF EXISTS `tb_account_two`;
/*!40101 SET @saved_cs_client     = @@character_set_client */;
/*!40101 SET character_set_client = utf8 */;
CREATE TABLE `tb_account_two` (
  `acct_id` varchar(16) NOT NULL,
  `amount` double(10,2) DEFAULT NULL,
  `frozen` double(10,2) DEFAULT NULL,
  PRIMARY KEY (`acct_id`)
) ENGINE=InnoDB DEFAULT CHARSET=latin1;
/*!40101 SET character_set_client = @saved_cs_client */;

--
-- Dumping data for table `tb_account_two`
--

LOCK TABLES `tb_account_two` WRITE;
/*!40000 ALTER TABLE `tb_account_two` DISABLE KEYS */;
/*!40000 ALTER TABLE `tb_account_two` ENABLE KEYS */;
UNLOCK TABLES;

--
-- Table structure for table `test`
--

DROP TABLE IF EXISTS `test`;
/*!40101 SET @saved_cs_client     = @@character_set_client */;
/*!40101 SET character_set_client = utf8 */;
CREATE TABLE `test` (
  `id` bigint(20) NOT NULL DEFAULT '0',
  `value` varchar(32) DEFAULT NULL,
  PRIMARY KEY (`id`)
) ENGINE=InnoDB DEFAULT CHARSET=gbk;
/*!40101 SET character_set_client = @saved_cs_client */;

--
-- Dumping data for table `test`
--

LOCK TABLES `test` WRITE;
/*!40000 ALTER TABLE `test` DISABLE KEYS */;
/*!40000 ALTER TABLE `test` ENABLE KEYS */;
UNLOCK TABLES;

--
-- Table structure for table `zoo_auth_config`
--

DROP TABLE IF EXISTS `zoo_auth_config`;
/*!40101 SET @saved_cs_client     = @@character_set_client */;
/*!40101 SET character_set_client = utf8 */;
CREATE TABLE `zoo_auth_config` (
  `service` int(10) unsigned NOT NULL DEFAULT '0' COMMENT '授权服务',
  `type` tinyint(2) NOT NULL DEFAULT '0' COMMENT '模式：0-屏蔽模式,1-授权模式',
  `tips` varchar(200) NOT NULL DEFAULT '' COMMENT '授权失败提示文案',
  PRIMARY KEY (`service`)
) ENGINE=InnoDB DEFAULT CHARSET=utf8mb4 COMMENT='授权失败提示文案配置';
/*!40101 SET character_set_client = @saved_cs_client */;

--
-- Dumping data for table `zoo_auth_config`
--

LOCK TABLES `zoo_auth_config` WRITE;
/*!40000 ALTER TABLE `zoo_auth_config` DISABLE KEYS */;
/*!40000 ALTER TABLE `zoo_auth_config` ENABLE KEYS */;
UNLOCK TABLES;
/*!40103 SET TIME_ZONE=@OLD_TIME_ZONE */;

/*!40101 SET SQL_MODE=@OLD_SQL_MODE */;
/*!40014 SET FOREIGN_KEY_CHECKS=@OLD_FOREIGN_KEY_CHECKS */;
/*!40014 SET UNIQUE_CHECKS=@OLD_UNIQUE_CHECKS */;
/*!40101 SET CHARACTER_SET_CLIENT=@OLD_CHARACTER_SET_CLIENT */;
/*!40101 SET CHARACTER_SET_RESULTS=@OLD_CHARACTER_SET_RESULTS */;
/*!40101 SET COLLATION_CONNECTION=@OLD_COLLATION_CONNECTION */;
/*!40111 SET SQL_NOTES=@OLD_SQL_NOTES */;

-- Dump completed on 2017-09-12 21:39:02
